{
    "averge_document_length": {
        "stars": 5.621306532663317,
        "genres": 2.388743718592965,
        "summaries": 104.2827135678392
    },
    "document_count": 9950
}