{"Mean Precision": 0.6938095238095238, "Mean Recall": 0.3866666666666666, "Mean F1": 0.4919495576886882, "Mean Average Precision": 0.7548231292517007, "Mean Discounted Cumulative Gain": 680606.8713004887, "Mean Normalized Discounted Cumulative Gain": 0.4222772760642471, "Mean Reciprocal Rank": 0.6666666666666667, "_timestamp": 1712689919.149344, "_runtime": 2.922165870666504, "_step": 2, "_wandb": {"runtime": 0}}